gene,category,base_mean_count,dispersion_alpha,deseq2_base_mean,de_log2_fc,de_pvalue,fdr,disease_sex_log2_fc,disease_sex_pvalue,disease_sex_fdr,mean_count,de_significant,neg_log10_fdr,lightgbm_gain,gain_rank,nonzero_gain
G045,age_only,42.07946645364459,0.2701164789913134,42.779998900338725,0.023751439980611286,0.7937542589207064,0.9170267006470282,0.15727212990004186,0.38636359643514395,0.8732866983346651,47.253125,False,0.03761801899208463,0.8538839817047119,61,True
G046,age_only,76.01850780344728,0.18523753005892624,80.33350377066398,-0.05199298741286334,0.4552898560455263,0.8340294915545284,-0.016266174280936272,0.9070571007938569,0.9915857195058293,89.434375,False,0.0788185922963813,0.0,227,False
G047,age_only,69.7947413999265,0.1946218159067271,74.61693534881915,-0.03609701646190793,0.6239967498815321,0.8811065218234596,-0.11700603030364583,0.42670994307857735,0.883901435600926,81.8625,False,0.05497158416049048,0.0,229,False
G048,age_only,37.14267871488916,0.29538565006064277,38.745338965416565,0.03761558448880313,0.7022908425659865,0.8905696636826905,-0.05411836166592738,0.7833779860264415,0.9696851575762189,43.165625,False,0.050332102736797536,0.0,230,False
G049,age_only,67.85503792635917,0.1978983940541325,72.00987207408843,-0.09054914754297384,0.20229862513972385,0.6706639203001714,-0.024434230390508193,0.8634459595082168,0.9915857195058293,79.453125,False,0.1734950567665723,0.0,231,False
G050,age_only,52.989205841540766,0.23097414412896178,56.02180717865529,0.07729332113686312,0.3268105642597414,0.7486989444578076,-0.2520610555928229,0.10861565169605387,0.7854205743087944,61.375,False,0.12569277915521565,0.0,232,False
G051,age_only,69.81374803455809,0.19459061037719916,69.19353818553422,-0.05013233099836317,0.49448680616899376,0.8455994142356438,0.029408317197218672,0.8412133732737064,0.9915857195058293,76.125,False,0.07283532654537438,0.0,233,False
G052,age_only,69.89559009577759,0.19445643407599306,72.89804890897751,-0.13314593557737892,0.07243030038375912,0.40969676314046055,-0.20184174781078856,0.17234730680501498,0.817161175346117,80.78125,False,0.3875374672301377,0.0,234,False
G053,age_only,74.18620192466348,0.1878367646873747,75.3087243744403,-0.22798708987894017,0.002175490478499334,0.02369730699793917,-0.19032241385119628,0.19981367120067872,0.8201535051288666,82.496875,True,1.6253010051454833,0.0,235,False
G054,age_only,59.52625712176828,0.21439447374685455,62.66677085336089,0.07377524240976989,0.3588160041425472,0.7753387980281078,-0.32961388739315506,0.03924516968716061,0.7442666145038506,68.184375,False,0.11050848334904428,0.0,236,False
G040,distribution_shift,87.82674628662677,0.16539539852157786,79.61146842267942,0.04713234357807804,0.6987073584392798,0.8905696636826905,0.057256574004864016,0.8141598877186195,0.9795069746063828,87.596875,False,0.050332102736797536,44.12054160237312,11,True
G041,distribution_shift,30.483779821729353,0.3260324816627193,28.494931843408274,-0.01556128997738926,0.912245404268536,0.9657209516041162,0.12212723094336424,0.6654101564519614,0.949730333487275,30.90625,False,0.015148346344181005,0.351298987865448,67,True
G042,distribution_shift,57.26246811829551,0.2109758424052932,57.05144508826123,-0.03618229657924743,0.7853256183832806,0.9117031201263728,0.049618421848216895,0.8518695981939567,0.9915857195058293,61.3,False,0.040146558909566754,350.1913433074951,1,True
G043,distribution_shift,41.067843334754684,0.2626246374533366,41.529975690269715,0.08141313625745025,0.5516277461947507,0.8672498071618504,-0.3722135235617897,0.1725868403002796,0.817161175346117,45.56875,False,0.06185578805385135,34.35219419002533,13,True
G044,distribution_shift,52.9135391323434,0.2217406607643756,47.065316313918345,-0.10322685711290576,0.44028394349556255,0.8340294915545284,-0.18563867167226486,0.4875704416166189,0.8914526937116752,49.85625,False,0.0788185922963813,17.965109825134277,20,True
G030,heterogeneous_disease,78.83521015557965,0.14245046835255953,73.22217918179565,0.03499212575142976,0.7548069490841995,0.8905696636826905,-0.7124280576197517,0.0012658458239225342,0.06434716271606215,79.95,False,0.050332102736797536,38.3248840123415,12,True
G031,heterogeneous_disease,61.142989139014354,0.1663081817151863,57.14431512764094,-0.05665962995805783,0.5877425992676175,0.8795137428969753,-0.79954776015609,9.374242918416817e-05,0.007147860225292823,62.41875,False,0.05575737005792281,25.990840077400208,15,True
G032,heterogeneous_disease,72.40246412853125,0.14977595000718463,68.6723725575401,-0.0666609670543399,0.5501197524944565,0.8672498071618504,-0.4326842858222236,0.05126717902060786,0.7442666145038506,74.49375,False,0.06185578805385135,45.989219665527344,10,True
G033,heterogeneous_disease,86.95854690696164,0.13474825915564637,84.22138560469293,-0.03713433465560028,0.736097012468586,0.8905696636826905,-0.28239114042701036,0.19912709806555762,0.8201535051288666,91.709375,False,0.050332102736797536,321.12009048461914,2,True
G034,heterogeneous_disease,58.55726465708117,0.17100245269421022,55.08413168435593,-0.026386524028733517,0.8173028454245522,0.9266816648865741,-0.03408805648409176,0.8814111942048558,0.9915857195058293,60.196875,False,0.0330694297460833,58.36424970626831,9,True
G055,noise,70.85592333678521,0.22701831514102372,68.1500563521166,0.08116451226675843,0.3011403109108637,0.7467300392505156,-0.1670657820950682,0.2866704656211492,0.8327094477566713,74.21875,False,0.1268363776414338,0.4997589886188507,65,True
G056,noise,48.495479599929396,0.2855843075323067,43.436766103554646,0.08435108789909566,0.37017734773500677,0.7756877897153301,-0.182221258040954,0.33260017443434553,0.8555733005205621,47.190625,False,0.1103130448340036,0.0,237,False
G057,noise,72.98833123653841,0.22330738143379478,69.59123493391363,-0.11462304234483071,0.11527333962533619,0.5145890840645981,0.12370106383215067,0.39512644055797963,0.8732866983346651,74.8625,False,0.2885394306806506,0.0,238,False
G058,noise,48.27231917027832,0.2864422541675059,44.3141727692636,-0.09331611141520348,0.26719188497293556,0.714971959482244,0.06751495963871376,0.6881652580350419,0.949730333487275,47.834375,False,0.14571099047993993,0.0,239,False
G059,noise,63.02494117669526,0.24280060928209057,57.12876880247636,0.017477643980676492,0.8333951704085387,0.9379539740760308,0.002670849424840158,0.9871814310946663,0.9976645118416818,61.859375,False,0.02781847217021828,0.0,240,False
G060,noise,29.956752189275065,0.4004331024650304,25.26338515813913,-0.017767512267222965,0.8642931461184267,0.946326095054006,-0.07142406990862822,0.7312608960890234,0.9696851575762189,27.784375,False,0.0239591840220467,0.0,241,False
G061,noise,66.0365033885876,0.23628825782976534,58.3037185851785,-0.057432704997446085,0.4882457038714312,0.8455994142356438,-0.18938784619082655,0.25242534350464796,0.8201535051288666,64.159375,False,0.07283532654537438,0.0,228,False
G062,noise,65.56652014137137,0.23726517711470174,62.626736764092605,-0.12649012397030962,0.10957498164982604,0.5145004420616323,0.010032500542643161,0.9494233317945715,0.9976645118416818,68.01875,False,0.28861424775316136,0.5418720245361328,64,True
G063,noise,32.05938319029431,0.3807290441796356,29.721030157977186,-0.0451634224159388,0.6512128316548923,0.8905696636826905,0.20594251304296232,0.3021226587501734,0.8455481202663185,32.665625,False,0.050332102736797536,0.0,211,False
G064,noise,55.18003585176336,0.2631024674245911,49.64334117429936,0.041817042641885196,0.6236787587370798,0.8811065218234596,-0.18258015301473435,0.28350150212089364,0.8314226744891592,53.875,False,0.05497158416049048,0.0,196,False
G065,noise,89.46106917295862,0.2006024193898236,80.34402239473233,0.062482707803996396,0.39336096461694503,0.7945370477362135,0.2588079780093477,0.07585734790463182,0.7442666145038506,86.53125,False,0.099885847667068,0.0,210,False
G066,noise,36.83997425907173,0.34429984496484217,33.44293400407027,0.03317381040383409,0.7465220807549711,0.8905696636826905,0.058777760631563994,0.774666217293623,0.9696851575762189,35.65625,False,0.050332102736797536,0.0,182,False
G067,noise,129.83652059818354,0.1693179388860326,125.74311152493726,0.018291504079065355,0.7992708897184286,0.9183052837504544,0.04241085153753498,0.768194533919176,0.9696851575762189,136.546875,False,0.03701291682961683,0.0,183,False
G068,noise,72.46133480809155,0.22420417073237514,68.77466139555085,-0.04444351500096567,0.5849764547753247,0.8795137428969753,0.036685329782050385,0.8217162842047561,0.9795069746063828,74.671875,False,0.05575737005792281,0.0,184,False
G069,noise,69.7297424380804,0.2290697439187008,65.96312547227544,-0.0647171980961628,0.42519628563239453,0.8313132507556431,-0.03026801459151486,0.8521123666085585,0.9915857195058293,70.88125,False,0.08023529698614539,0.0,185,False
G070,noise,130.03846340645237,0.16921029181857766,120.81961393982223,0.01088448255884594,0.8640874724342764,0.946326095054006,0.11874628153333883,0.3499855427105508,0.8732866983346651,130.675,False,0.0239591840220467,0.0,186,False
G071,noise,24.905954558082897,0.4613593680583975,22.258444816520143,-0.09654270927814418,0.39632189131144735,0.7952511634867859,-0.2081018909234567,0.3602581815117456,0.8732866983346651,24.26875,False,0.09949568682855721,0.0,187,False
G072,noise,110.75081103873374,0.1812635132473419,101.52445654629682,-0.043089059705740944,0.5428684873416432,0.8672498071618504,-0.3302383670795939,0.01879828975411018,0.6134523284412019,109.553125,False,0.06185578805385135,0.0,188,False
G073,noise,91.55620027499585,0.198300278659095,83.09471327534445,-0.09379555191944752,0.21133647844910908,0.6822421892429618,0.027503386083629032,0.8546445695510069,0.9915857195058293,88.96875,False,0.16606142771830626,0.919510006904602,59,True
G074,noise,88.7025204044285,0.2014627313740983,83.45166748926448,-0.05093725521786644,0.4968716752674931,0.8455994142356438,0.21391942519469495,0.15260039609747733,0.7888664544022134,89.528125,False,0.07283532654537438,0.875128984451294,60,True
G075,noise,51.44145093210424,0.2749561848844191,46.484641837213196,-0.08281276934607283,0.3449584072531151,0.7569231238287778,-0.18506130312085745,0.2906750952653694,0.8363764533579024,50.66875,False,0.12094822696273878,0.0,189,False
G076,noise,62.44521837278639,0.2441263275960005,57.21294947471,-0.16614668310798214,0.058823587802096844,0.39602445328178276,-0.28338938270286446,0.10590858526048898,0.7854205743087944,62.190625,False,0.4022779969091791,0.0,190,False
G077,noise,39.62031502960235,0.3271561948277201,35.13851911213889,-0.16788606809885154,0.08705565425367809,0.45779266460985896,-0.12247756138726938,0.5324397953560253,0.9072298189027246,37.325,False,0.3393311704753329,0.0,191,False
G078,noise,19.706537636715094,0.5567012311301287,17.680640859384845,-0.04391414907616609,0.7291776088731861,0.8905696636826905,0.22610828845178746,0.37242154845201236,0.8732866983346651,19.165625,False,0.050332102736797536,0.0,192,False
G079,noise,75.695947562091,0.21889672155325862,69.4748070305896,-0.06813035494180375,0.36097740760652886,0.7753387980281078,-0.1326176605729002,0.37361723260999036,0.8732866983346651,75.134375,False,0.11050848334904428,0.0,193,False
G080,noise,17.99321071591843,0.6001886623846283,16.365295158528074,-0.036324134866001966,0.7858669352074622,0.9117031201263728,-0.10959200602697103,0.6819733594978505,0.949730333487275,17.69375,False,0.040146558909566754,0.0,194,False
G081,noise,109.80281151648431,0.18196511433269505,105.55476297352091,-0.03365094621051257,0.6403580747306421,0.8856827083811357,0.15639250599554053,0.2769553522974918,0.8281508083405392,114.85625,False,0.052721834184076714,0.0,181,False
G082,noise,15.900207865554906,0.6660303359616428,15.407174544834893,-0.2778184359227649,0.04249228043374459,0.32877540884219836,-0.264454485826066,0.3338138451211373,0.8555733005205621,16.3,False,0.4831006735028248,0.0,195,False
G083,noise,60.32798065450996,0.24918450613392418,57.46742951724853,-0.03690085355297969,0.6675807023312295,0.8905696636826905,0.0717160831324764,0.6764608526705441,0.949730333487275,62.846875,False,0.050332102736797536,0.0,197,False
G084,noise,48.3499755961152,0.286142803363134,43.7718389302662,-0.04515354666384407,0.6111473229916459,0.8795137428969753,0.04891401003347713,0.7830691997431637,0.9696851575762189,47.6375,False,0.05575737005792281,0.0,198,False
G085,noise,29.0157454862125,0.41017641798231785,26.49246655029156,0.06795100310418213,0.5545097760281674,0.8673101625055952,0.03329260397720947,0.8849166983669167,0.9915857195058293,28.384375,False,0.06182556483504,0.0,199,False
G086,noise,85.93327400591573,0.2047324229655259,76.62656250054627,-0.11922364192956764,0.13201615195500485,0.5368656846170197,0.0668175199136002,0.6729984920974106,0.949730333487275,82.871875,False,0.27013435438607686,0.0,200,False
G087,noise,148.14831575164044,0.1607499312721707,136.71405815531202,0.11176366361637488,0.09603320479661229,0.4821087481147508,0.1266937254128814,0.34503783346105843,0.8697234645092794,148.15625,False,0.3168549879455486,1.1480499505996704,56,True
G088,noise,45.50770853191979,0.2977686921697511,42.74015029714758,0.014664133913373165,0.8687583823446613,0.946326095054006,-0.03991124362704333,0.8221435590138819,0.9795069746063828,46.3,False,0.0239591840220467,4.267280101776123,34,True
G089,noise,90.91696568121402,0.19899142511593576,86.0207029161409,-0.02508305621704042,0.7291655179009549,0.8905696636826905,-0.029872808741563953,0.8367036719775474,0.9915857195058293,93.221875,False,0.050332102736797536,0.0,201,False
G090,noise,49.44523058240208,0.28201957790451004,45.5753310581784,-0.04529474273981314,0.6087744305886127,0.8795137428969753,0.12974665656218248,0.46331492420111553,0.8914526937116752,49.521875,False,0.05575737005792281,0.0,202,False
G091,noise,66.78903530250074,0.2347526575168697,63.91423665736153,0.0680912377431656,0.40289566330838233,0.8019046524030973,-0.07561423935072638,0.6423507178889577,0.949730333487275,70.18125,False,0.09587726687405407,0.0,203,False
G092,noise,47.62240029494085,0.2889866941661929,43.106689990128096,-0.13000347135691348,0.15747880298089456,0.5773697733274,0.04968661137928659,0.7871038644120265,0.9696851575762189,46.13125,False,0.23854595620301647,0.0,204,False
G093,noise,27.555123194996316,0.42661802802733595,24.836060215031317,-0.00074249333764788,0.9946489075370393,0.9979207789434112,-0.14386776976962368,0.5157703226787221,0.8914526937116752,26.853125,False,0.0009039342971391352,0.0,205,False
G094,noise,57.08812827998381,0.25765099104073397,55.138031544236675,-0.026088428505397686,0.7504744578101976,0.8905696636826905,0.2147143416613785,0.1897410015459875,0.8201535051288666,58.85625,False,0.050332102736797536,0.0,206,False
G095,noise,45.27225507306023,0.2987972542007423,41.64970780693811,-0.02168768969441449,0.8210961931714298,0.927534588582541,-0.05068579759056081,0.7916446040540279,0.9696851575762189,45.725,False,0.03266988618682917,0.0,207,False
G096,noise,72.51961507400944,0.2241043542607763,66.8394611182129,-0.09260025317987682,0.25046834720932587,0.714971959482244,-0.02112714704119626,0.8957337540354071,0.9915857195058293,72.66875,False,0.14571099047993993,0.0,208,False
G097,noise,84.93791004798098,0.2059597533647337,80.87688931196396,-0.0409583780093119,0.6126164483705656,0.8795137428969753,-0.2559192241504055,0.11248030223279129,0.7854205743087944,87.609375,False,0.05575737005792281,0.26596699655056,68,True
G098,noise,103.30460311538504,0.187120996824774,92.90293762909991,-0.012815156334188046,0.8586819558549595,0.946326095054006,-0.12721922934580723,0.37644633892780466,0.8732866983346651,99.89375,False,0.0239591840220467,0.0,209,False
G099,noise,90.71085970284419,0.19921634553440143,83.00071971314833,0.042195402609722356,0.5936027791642153,0.8795137428969753,0.1994855887617416,0.20626433363519003,0.8201535051288666,90.33125,False,0.05575737005792281,0.0,242,False
G100,noise,129.636844764297,0.16942470727641984,126.22954812453138,-0.07063779417976196,0.31900050697458326,0.7486989444578076,0.11368610515232103,0.42232494114348795,0.883901435600926,136.703125,False,0.12569277915521565,0.0,212,False
G101,noise,29.715261370001976,0.4028746706258368,27.296105492943838,-0.21253548368824243,0.04344033574154771,0.32877540884219836,-0.10735534993839421,0.6100398421402622,0.949730333487275,29.8,False,0.4831006735028248,0.0,243,False
G102,noise,61.91932856545457,0.2453504133283059,58.764464299132804,-0.06551136200136745,0.4067537679583402,0.8019046524030973,-0.07842894468977508,0.619484415939894,0.949730333487275,64.034375,False,0.09587726687405407,0.0,276,False
G103,noise,51.33008889206265,0.27533575714090963,47.490795480905355,0.03826377083171439,0.6644480783759561,0.8905696636826905,-0.2093845967047404,0.23455408397694033,0.8201535051288666,51.73125,False,0.050332102736797536,0.0,278,False
G104,noise,31.47909748158654,0.3859040036095216,30.12629040779917,0.16023672606155925,0.14333365486941008,0.5533767687996212,-0.40299620570598377,0.06453944815898274,0.7442666145038506,32.825,False,0.25697907684289034,0.0,279,False
G105,noise,58.99468446355912,0.25255611724746624,54.454842327506434,-0.14777224735268377,0.06632490900388052,0.40969676314046055,0.0045671885307971335,0.9773707566601162,0.9976645118416818,58.996875,False,0.3875374672301377,0.0,280,False
G106,noise,42.11361705226348,0.31370759934562015,41.44793868491237,0.06967485502777476,0.4553514364894994,0.8340294915545284,0.017625270650627488,0.9247994421660408,0.9976645118416818,45.35625,False,0.0788185922963813,0.0,281,False
G107,noise,64.85869629493075,0.2387631962115684,60.73365595554534,0.05876481700327887,0.46663117842513724,0.8340294915545284,-0.16482126717823137,0.30676654681099413,0.8505799707032111,65.61875,False,0.0788185922963813,0.9881889820098877,57,True
G108,noise,10.13366698959777,0.9881286516755009,10.347602510890962,0.0779967523782854,0.6417569788597738,0.8856827083811357,-0.17604154117434498,0.5995865893421088,0.949730333487275,11.053125,False,0.052721834184076714,24.575675010681152,16,True
G109,noise,43.18685329005001,0.30839675304784353,42.97942139401606,-0.09672445252496525,0.28334840420428264,0.7262291032126572,-0.05127422368663694,0.7761959183130489,0.9696851575762189,46.196875,False,0.13892635097338582,0.0,282,False
G110,noise,85.80561538950964,0.20488824022932556,76.69514228292341,0.001192374957744085,0.9872270664436498,0.9970339578321628,0.23186897600267298,0.11839709241317611,0.7854205743087944,84.234375,False,0.0012900498648959577,0.0,283,False
G111,noise,82.74490103030266,0.2087680314791124,77.06687814665509,-0.058083823761352314,0.44524089084155816,0.8340294915545284,-0.0006329934142711282,0.9966823313503983,0.9976645118416818,82.990625,False,0.0788185922963813,0.0,284,False
G112,noise,67.91185772115819,0.23252472104287641,61.23186367922201,-0.055967664755060875,0.5037630929322008,0.8455994142356438,-0.2503693581175327,0.1337412475376815,0.7854205743087944,65.384375,False,0.07283532654537438,0.0,285,False
G113,noise,37.06830801832983,0.34279500417309605,33.74851566408485,-0.06570877598136894,0.5087274330872666,0.8455994142356438,-0.06765960636934341,0.7337434973865702,0.9696851575762189,36.828125,False,0.07283532654537438,0.0,286,False
G114,noise,73.27098414166072,0.22283170623994314,67.6043697739522,-0.1253524730485433,0.11133452188874665,0.5145004420616323,0.2433963999126736,0.12100321906813713,0.7854205743087944,73.49375,False,0.28861424775316136,0.0,287,False
G115,noise,96.4528947027074,0.19330979674316995,88.36254599649078,0.08803949160873767,0.2517632115571047,0.714971959482244,-0.05201759029859502,0.7349746739805857,0.9696851575762189,95.840625,False,0.14571099047993993,0.0,288,False
G116,noise,81.89294573833443,0.2098995758286304,72.60742293368375,-0.04453367524694893,0.5611998182465203,0.8688626627674554,0.24707241922499687,0.10578497944208386,0.7854205743087944,79.490625,False,0.06104886511163171,0.0,289,False
G117,noise,56.42981151109146,0.2594901659069164,54.70218435948507,0.08583986231795748,0.3218464565148216,0.7486989444578076,-0.023330027143692797,0.8929427445835052,0.9915857195058293,59.44375,False,0.12569277915521565,0.0,290,False
G118,noise,70.50520075463277,0.2276501577709305,62.89874555854201,-0.14114988834994585,0.07398107671340609,0.41025869813797927,0.10583333152376093,0.5027993099407364,0.8914526937116752,67.625,False,0.3869422024423722,0.0,277,False
G119,noise,108.25907553098197,0.18313390776576832,101.02425803330057,-0.08577565453761651,0.22602351817438293,0.693598312976098,-0.060185314569094574,0.6710770231912402,0.949730333487275,109.171875,False,0.15889197185546566,0.0,291,False
G120,noise,73.37819631616426,0.2226522380193395,69.32516143831415,0.01344530540222424,0.8674995134366497,0.946326095054006,0.002826481169300455,0.9860140798610361,0.9976645118416818,74.921875,False,0.0239591840220467,0.0,293,False
G121,noise,54.8067892146183,0.26421323213729664,52.27164473357357,-0.13722897858142818,0.12379823770511572,0.5318093309867648,0.2332685279481659,0.189860573589552,0.8201535051288666,56.078125,False,0.27424404692075244,0.0,294,False
G122,noise,23.356831664929828,0.4853262347013211,21.10548584451268,-0.006114352033942031,0.959037711014033,0.9811954106203277,0.21087758306044302,0.37545060737634295,0.8732866983346651,22.528125,False,0.008244491801697902,0.0,295,False
G123,noise,34.507010215177345,0.3608165686878748,33.126132334661946,-0.07993477027682903,0.3890374470130773,0.7945370477362135,0.26243443126285054,0.15638467882009413,0.7949554506688118,36.146875,False,0.099885847667068,0.0,296,False
G124,noise,64.58828324186703,0.23934415885149388,59.21689842109079,-0.05646214846791829,0.5285933335371882,0.8621442071061091,0.22431613550193208,0.20978188260453834,0.8201535051288666,64.496875,False,0.06442008555306371,0.0,297,False
G125,noise,58.706954055626355,0.2533038145953249,50.924099711891046,-0.1376540661767523,0.1142855607715481,0.5145890840645981,0.25072135804513035,0.1493586665898691,0.7854205743087944,54.234375,False,0.2885394306806506,0.0,298,False
G126,noise,78.2317610455143,0.2150427892676979,74.04350822245264,0.08853653186008544,0.260599095494923,0.714971959482244,-0.07455572362250826,0.6357520741539469,0.949730333487275,80.15,False,0.14571099047993993,5.62040787935257,29,True
G127,noise,65.49537635768031,0.23741428022108946,58.90278860248876,-0.064905974091753,0.37244901940481134,0.7756877897153301,0.017202400293986096,0.905951866420424,0.9915857195058293,63.58125,False,0.1103130448340036,0.0,299,False
G128,noise,24.706636135608644,0.4642746001762933,23.178818302827683,-0.023665465473417177,0.8410564110793204,0.9396417779457609,0.00161798422225159,0.9945320781018796,0.9976645118416818,25.125,False,0.027037682051999447,0.0,300,False
G129,noise,32.06640080734117,0.3806676076330828,28.930688274591866,-0.11926177107075242,0.2455449191332164,0.714971959482244,-0.24003653784291099,0.2418311240433727,0.8201535051288666,31.228125,False,0.14571099047993993,0.0,301,False
G130,noise,34.383653244596765,0.3617522907172265,30.740187887152366,0.2398673518459203,0.016316786408926514,0.15969012766118829,-0.18491521298628244,0.35417916664334526,0.8732866983346651,33.06875,False,0.7967219319191083,28.64460438489914,14,True
G131,noise,36.649706275254125,0.345568134500352,33.49564980639376,0.07062753200548928,0.47033794277829144,0.8340294915545284,-0.33499341029573687,0.08574914018871743,0.7692202281634947,36.353125,False,0.0788185922963813,0.0,302,False
G132,noise,39.90812587754321,0.3255179816665961,36.903655582083246,0.09212438663696088,0.3124158433480112,0.7486989444578076,0.3480960534968254,0.05515687479258186,0.7442666145038506,40.090625,False,0.12569277915521565,0.0,303,False
G133,noise,33.043212832933,0.3723706089206319,30.850406913524488,-0.12457858432415195,0.19403866855634078,0.6587065207278172,0.3472581825217127,0.06908202912073358,0.7442666145038506,33.125,False,0.18130803732956266,0.0,304,False
G134,noise,47.012395732737325,0.2914388718065862,44.532559488859484,-0.1400330662048152,0.11810241273613728,0.5145890840645981,-0.2321042367653225,0.19440489027520624,0.8201535051288666,47.784375,False,0.2885394306806506,0.0,305,False
G135,noise,49.73703060798269,0.2809516951451364,47.551020908678495,-0.08872845826491782,0.34174384175909167,0.7553034183806012,0.1616510006612235,0.38612884680891746,0.8732866983346651,51.6,False,0.12187854975209417,0.0,292,False
G136,noise,64.43227745278588,0.23968154403039596,59.64239479051905,-0.0344356196603198,0.6644862922870686,0.8905696636826905,0.14096954086147684,0.3742916190048702,0.8732866983346651,64.990625,False,0.050332102736797536,0.0,275,False
G137,noise,31.84528820283658,0.3826163777408783,28.85501776799029,0.019261286995517123,0.8601708053688071,0.946326095054006,-0.002365200057921873,0.9913736251672973,0.9976645118416818,31.11875,False,0.0239591840220467,0.0,260,False
G138,noise,89.21211365268599,0.20088316072229984,82.60934242152621,0.04901313550465975,0.5082030637793944,0.8455994142356438,-0.16645334447376542,0.26051467223293734,0.8201535051288666,89.15,False,0.07283532654537438,2.761080026626587,39,True
G139,noise,25.629104490722654,0.45116326453223765,23.123367480956013,0.05813574123095377,0.5887144143601553,0.8795137428969753,-0.2552930026114138,0.23443586372100345,0.8201535051288666,25.28125,False,0.05575737005792281,0.0,274,False
G140,noise,35.94250699717144,0.3503998956085136,31.78499021280494,-0.08285494621140825,0.3924698233771161,0.7945370477362135,-0.20278941081848562,0.29477511051057337,0.8402468103338774,34.309375,False,0.099885847667068,0.0,246,False
G141,noise,30.682817446198293,0.3933237801835284,29.0346294690623,-0.07572243664368511,0.4547766723291946,0.8340294915545284,0.2544362357030982,0.20837009940380857,0.8201535051288666,31.1,False,0.0788185922963813,3.1297199726104736,37,True
G142,noise,60.88258699693998,0.24782551865695768,58.98545692390561,-0.05098192780416378,0.5470658636721364,0.8672498071618504,-0.3146370937159278,0.061940927905220516,0.7442666145038506,63.690625,False,0.06185578805385135,0.0,247,False
G143,noise,66.83344041007442,0.2346631258959302,63.191888428323864,-0.07794508707003152,0.3600950299811897,0.7753387980281078,0.07014556632917128,0.6805084823579151,0.949730333487275,69.2625,False,0.11050848334904428,0.0,248,False
G144,noise,25.108411089137654,0.45844562079412343,23.978032584440665,0.1409371261388383,0.21475444464948146,0.6822421892429618,0.03541877677931242,0.8761641964477046,0.9915857195058293,26.48125,False,0.16606142771830626,0.0,249,False
G145,noise,89.59746320940602,0.20044927253091216,86.20699840254596,-0.12005032116732041,0.11115199206746476,0.5145004420616323,0.1785486969649173,0.23536671956268107,0.8201535051288666,93.55,False,0.28861424775316136,0.0,250,False
G146,noise,91.70969067213572,0.19813575789035437,84.4956068893226,-0.002101961595960984,0.976535414466231,0.9895126292764136,-0.2479456961881457,0.0815527354632106,0.7537449792811888,90.9375,False,0.0045786584661196015,0.0,251,False
G147,noise,36.08616096360246,0.34940308859891356,32.896460042501715,-0.10874388046463772,0.25377909767085316,0.714971959482244,0.12273500689752023,0.5194459135045751,0.8914526937116752,35.83125,False,0.14571099047993993,0.0,252,False
G148,noise,30.946445138110214,0.3908250029957915,28.833325199070295,-0.10831443598186975,0.28207818509851,0.7262291032126572,0.14893881690809066,0.45937685014580276,0.8914526937116752,31.10625,False,0.13892635097338582,0.0,253,False
G149,noise,38.118354605802,0.3361067284533344,34.3395599217134,-0.14121547923634395,0.14211918601209764,0.5533767687996212,-0.1370693364885491,0.4760485339914031,0.8914526937116752,36.840625,False,0.25697907684289034,0.0,254,False
G150,noise,29.082306476239268,0.40946651385278365,27.52053652754982,0.16352406908851833,0.13152046461756814,0.5368656846170197,-0.21251828201185952,0.3265862731840604,0.8555733005205621,30.08125,False,0.27013435438607686,0.0,255,False
G151,noise,33.802513002620145,0.36625239369931994,31.422420533584642,0.1956225337154342,0.05776312520651841,0.39602445328178276,0.335488631271571,0.10256684749055477,0.7854205743087944,33.978125,False,0.4022779969091791,0.0,256,False
G152,noise,28.56040998052055,0.4151215268316665,25.69938936476649,-0.050578548611491636,0.6282756775594519,0.8828311893464568,0.23833592848183996,0.2533273784294384,0.8201535051288666,28.21875,False,0.05412233214632842,0.0,257,False
G153,noise,11.939473535067414,0.8538020812698408,10.989047070844206,-0.04479373381363269,0.7728099586707614,0.9065655284407009,0.09230122763663558,0.7661972875754227,0.9696851575762189,11.54375,False,0.04260079872605166,0.0,179,False
G154,noise,54.73182302070868,0.2644381550491147,51.43178946372799,-0.15610850198831813,0.06145860213525218,0.39602445328178276,0.37690112494257944,0.02299340067482804,0.6375442914384138,55.74375,False,0.4022779969091791,0.0,245,False
G155,noise,40.73820534662989,0.3209228394678052,37.67822085024281,0.11975627204150661,0.21111809633842626,0.6822421892429618,0.05173851206595828,0.7871112495835626,0.9696851575762189,41.16875,False,0.16606142771830626,1.2984000444412231,54,True
G156,noise,78.87412976936992,0.2141058548134381,73.57024907906421,0.007351667135744698,0.9182264785744055,0.9657209516041162,0.06511430612881375,0.6493599634165166,0.949730333487275,80.14375,False,0.015148346344181005,1.385159969329834,51,True
G157,noise,54.110623171162445,0.26632593514089176,51.52219981295552,-0.0052836754997703924,0.9515563166066298,0.9804887721791287,-0.3355728100950268,0.052505176316190214,0.7442666145038506,56.61875,False,0.008557375181885363,1.8145699501037598,46,True
G158,noise,53.963510756775236,0.26677936394029056,51.28656206002135,-0.012419517571702041,0.8796024207260867,0.951343043693108,0.19190203430614478,0.24115279519416266,0.8201535051288666,56.25,False,0.021662853074028245,0.0,259,False
G159,noise,20.71277238878166,0.5345145029872743,17.370745133228404,0.0072320988953503565,0.95138042357711,0.9804887721791287,0.07726910884488175,0.7446939343710186,0.9696851575762189,18.975,False,0.008557375181885363,0.0,261,False
G160,noise,55.53956248809887,0.2620466492138561,49.76875345274058,-0.010317278041426165,0.8999124914429424,0.963064245228412,-0.07052900014492185,0.6673106120065262,0.949730333487275,53.65625,False,0.016344740479277312,0.0,262,False
G161,noise,56.976744378791544,0.2579591831391137,55.46917363936154,0.13766024096953267,0.08016992812687833,0.4327416671081336,0.04735183982194326,0.7635263143338176,0.9696851575762189,60.990625,False,0.3637712861649863,7.833099842071533,25,True
G162,noise,32.37962817525299,0.3779525432252645,30.70254868259719,-0.24018673269914448,0.021308044650717,0.18568438909910526,-0.06935379829683089,0.7396228048643931,0.9696851575762189,33.51875,False,0.7312246068315797,0.0,263,False
G163,noise,93.7407204979479,0.1960095031507361,83.59752529957333,-0.024839709319070813,0.735932112409667,0.8905696636826905,-0.12090038607107063,0.41155806831485675,0.883901435600926,91.025,False,0.050332102736797536,0.5565119981765747,63,True
G164,noise,23.717957552784902,0.4794593181124588,22.369465123691548,-0.1681573747472326,0.16304812195313312,0.579243866382938,0.4230901629147733,0.07808698906269908,0.7442666145038506,24.075,False,0.23713855626072752,0.0,264,False
G165,noise,31.13680438448799,0.38904700331045206,28.60270122002571,-0.13758685848494223,0.19524516109106516,0.6587065207278172,0.07665897089893801,0.7182813066068612,0.9696851575762189,30.965625,False,0.18130803732956266,0.0,265,False
G166,noise,43.35114759231928,0.30760696082690486,39.93467250255277,-0.18636806757046426,0.04467700521333223,0.32877540884219836,0.26702121922620814,0.1493047816515047,0.7854205743087944,43.184375,False,0.4831006735028248,4.450679779052734,32,True
G167,noise,31.544565300235355,0.3853106363755423,29.498863256407947,0.0051595412913918275,0.9595830010261196,0.9811954106203277,-0.16271698200744192,0.4239798917600337,0.883901435600926,32.35625,False,0.008244491801697902,0.0,266,False
G168,noise,85.75071181360381,0.204955396983331,77.44730208150891,0.025948480733182473,0.7396424320835129,0.8905696636826905,0.012611608825495824,0.9356547766459639,0.9976645118416818,84.540625,False,0.050332102736797536,5.093459963798523,31,True
G169,noise,52.98638545991262,0.2698549527747848,53.10431254391258,-0.008362276043401024,0.9281739362649477,0.9686136552398665,0.18479382639689595,0.318727208522931,0.8555733005205621,57.3375,False,0.013849412686216594,0.0,267,False
G170,noise,70.6644865282433,0.22736241982601635,66.55396498512567,0.14108265057843344,0.07253647609699958,0.40969676314046055,-0.13593407368538302,0.386615199587909,0.8732866983346651,70.575,False,0.3875374672301377,0.0,268,False
G171,noise,39.859970054940135,0.3257904355571528,35.266719270965964,-0.0675536737949039,0.4658913770668358,0.8340294915545284,-0.4047367472781508,0.027927504347638108,0.709824068835802,38.228125,False,0.0788185922963813,0.0,269,False
G172,noise,32.27046703434617,0.3788927718468128,29.50711327294316,-0.055642145357479654,0.6081309958778756,0.8795137428969753,0.0912986118135199,0.6740361438579212,0.949730333487275,31.6625,False,0.05575737005792281,0.0,270,False
G173,noise,25.875265245531356,0.44782252141567114,23.433528770402805,0.18541036199094255,0.10065730766960099,0.4951690135359403,-0.24704423193300737,0.27349499424728474,0.8281508083405392,25.525,False,0.3052465402226051,5.367009878158569,30,True
G174,noise,47.489045794728135,0.28951738973452085,42.52206300742464,-0.04392467827381296,0.648374825565155,0.8905696636826905,-0.09385092656790293,0.626135420791309,0.949730333487275,45.846875,False,0.050332102736797536,0.0,271,False
G175,noise,57.72517634355202,0.2559111737734052,52.69975028183571,-0.2765779884985956,0.0007533233842082744,0.008509764154945322,-0.2960771572499361,0.0700515510158624,0.7442666145038506,57.05625,True,2.070082476064081,0.0,272,False
G176,noise,58.30528518927581,0.25435993445162647,52.53177542480366,-0.09216531570847807,0.27426793199810673,0.714971959482244,-0.20291782182994708,0.22795088339878722,0.8201535051288666,56.6125,False,0.14571099047993993,0.0,273,False
G177,noise,64.05691994087013,0.2405000429041507,58.01500778306881,-0.20209141623487661,0.007349728352801662,0.0772988671587761,-0.13268837364713798,0.3784876566361657,0.8732866983346651,62.34375,False,1.111826870768577,0.0,244,False
G178,noise,45.4123156441856,0.2981841241155101,43.2115937286089,-0.10262654246427097,0.26901038903191965,0.714971959482244,-0.13630577187011717,0.4632610103864393,0.8914526937116752,46.396875,False,0.14571099047993993,0.0,180,False
G179,noise,66.75912647355143,0.2348130282017038,60.284288114641754,0.010245596280796524,0.8947318578479121,0.9608916079000465,-0.10676065612984595,0.4904387034460598,0.8914526937116752,65.85,False,0.017325599580005117,0.0,165,False
G180,noise,50.44145429884213,0.2784246732197527,45.366098974322064,-0.029542932130615335,0.7317389359761843,0.8905696636826905,-0.12319958381517084,0.4745887144243963,0.8914526937116752,49.0,False,0.050332102736797536,0.0,178,False
G181,noise,59.71226501141745,0.2507228037368726,56.692211527297175,-0.0947067369841487,0.2667976840104982,0.714971959482244,0.11122337524213091,0.5142644274676518,0.8914526937116752,61.346875,False,0.14571099047993993,0.0,88,False
G182,noise,43.66731274772966,0.3061038207684975,38.791143008602866,-0.13495051244038378,0.12975305429108777,0.5368656846170197,-0.22485552758399244,0.20605225840616237,0.8201535051288666,41.840625,False,0.27013435438607686,0.0,89,False
G183,noise,22.5676096353325,0.49880165181115776,21.711798448947995,-0.14986507965934714,0.2170469645383848,0.6822421892429618,-0.0038678658462656364,0.9872948728673852,0.9976645118416818,23.21875,False,0.16606142771830626,0.0,90,False
G184,noise,43.18823905615538,0.30839006629322807,40.561497996656186,-0.21625257707991796,0.020735399690232775,0.18568438909910526,-0.15165287387413812,0.4171300928793408,0.883901435600926,43.775,False,0.7312246068315797,0.0,91,False
G185,noise,39.17738912693877,0.32972434357070285,37.24406564300287,-0.06441432438175866,0.47377740203482743,0.8352722983851004,0.022602157032137044,0.9000218403144956,0.9915857195058293,39.996875,False,0.07817192163255403,0.0,92,False
G186,noise,36.70037968851135,0.3452290705542033,34.88838142678482,-0.060834444226656174,0.5438815019069156,0.8672498071618504,0.13081345397637117,0.5139289687058279,0.8914526937116752,38.7,False,0.06185578805385135,0.0,93,False
G187,noise,24.390843206545593,0.46899093335095265,22.98248929314126,-0.12174613893895168,0.33169328721732605,0.7493811303798847,-0.4433781598876387,0.07598142333226991,0.7442666145038506,24.7875,False,0.12529724675738846,9.155349731445312,24,True
G188,noise,79.81669010072603,0.21275837157168878,73.73834784288086,-0.0790342026664171,0.31470652910012953,0.7486989444578076,-0.04928610708565112,0.7539665007542431,0.9696851575762189,81.1,False,0.12569277915521565,0.0,94,False
G189,noise,36.5412337353538,0.3462971027519649,32.50101878326997,-0.049549461278152206,0.6104328816786503,0.8795137428969753,-0.2194725203134395,0.2585371542843462,0.8201535051288666,34.728125,False,0.05575737005792281,0.0,95,False
G190,noise,131.41690700121603,0.168484338928451,125.08192792490486,-0.007140956900908419,0.9135241078586976,0.9657209516041162,0.17831592656136414,0.1741491029426151,0.817161175346117,136.3,False,0.015148346344181005,0.0,96,False
G191,noise,121.68040521196711,0.17396425072978688,112.22574509453803,-0.04034725426814988,0.5768248077184706,0.8795137428969753,0.2734025916237968,0.05744319248090962,0.7442666145038506,121.3625,False,0.05575737005792281,0.0,97,False
G192,noise,61.676917407970095,0.24592168964068542,57.19090280644516,-0.07273505255128715,0.3795993261774765,0.7822823951630429,0.18497632481763385,0.26318419726736464,0.8201535051288666,61.746875,False,0.10663644320351566,0.0,98,False
G193,noise,25.788533351385293,0.44899231675447504,22.89746233763139,-0.19376109078851145,0.09371971525685731,0.4821087481147508,0.2608510819424744,0.2585652902675296,0.8201535051288666,24.38125,False,0.3168549879455486,0.0,99,False
G194,noise,25.77393576004555,0.44918997563234764,23.13069646100921,0.03565087170070935,0.7435927195736632,0.8905696636826905,0.15176030366645266,0.48616741764669213,0.8914526937116752,25.13125,False,0.050332102736797536,0.0,85,False
G195,noise,64.2044327912465,0.2401772371272633,56.847829949893836,-0.02952557119528253,0.7256677145745711,0.8905696636826905,0.12861618957753765,0.4444784139537761,0.8860517402346516,62.078125,False,0.050332102736797536,0.0,101,False
G196,noise,45.73737518329234,0.2967756121537919,42.43853177266249,-0.030808337395989954,0.733382296026081,0.8905696636826905,0.3508531062468985,0.05128337550843585,0.7442666145038506,45.6375,False,0.050332102736797536,0.0,102,False
G197,noise,32.38435027476119,0.3779120137856886,31.40616449372838,-0.1631310947399435,0.12611901001608322,0.5342541396514636,0.14142397405883544,0.5071989143828333,0.8914526937116752,33.90625,False,0.2722521040336685,0.0,103,False
G198,noise,35.326739369926024,0.354764525696979,34.62184853403166,-0.11796589847924338,0.2896686033854643,0.7357911354878857,0.0016957885287363246,0.9939301122886334,0.9976645118416818,37.25,False,0.13324544867652321,0.0,104,False
G199,noise,34.519070777450345,0.3607254424090486,31.572632655759982,0.09917313174978803,0.34165607021662237,0.7553034183806012,-0.11813938037722732,0.5711099795712473,0.9415239019129465,34.409375,False,0.12187854975209417,0.0,105,False
G200,noise,50.488180362920644,0.2782595438240383,45.95772630881551,-0.05544054064065416,0.5450233047678184,0.8672498071618504,-0.11129573587245782,0.5434439896766268,0.9208356491742843,50.225,False,0.06185578805385135,1.3195699453353882,53,True
G201,noise,44.43913011307636,0.30252421631790044,41.34800714209,-0.0843686657037625,0.3657492038794452,0.7756877897153301,-0.11992267328794823,0.5202576376415678,0.8914526937116752,44.509375,False,0.1103130448340036,0.0,106,False
G202,noise,49.50422343456699,0.28180267006704784,48.094380674306436,0.03224212240448229,0.6883392750762796,0.8905696636826905,0.04250092965615383,0.7915560416204497,0.9696851575762189,51.625,False,0.050332102736797536,0.0,107,False
G203,noise,36.37575711448309,0.3474175306282939,34.438951999296094,-0.07295094454462563,0.46591995671798847,0.8340294915545284,-0.08185364211842655,0.6825388563802353,0.949730333487275,37.0875,False,0.0788185922963813,0.0,108,False
G204,noise,109.67669953431668,0.18205936209070547,103.37563981711989,-0.016180630326477603,0.8170778919067104,0.9266816648865741,0.09140985507976221,0.5134054091743497,0.8914526937116752,112.246875,False,0.0330694297460833,0.0,109,False
G205,noise,131.85530894149116,0.16825663731138513,124.03713660617814,-0.12217548640281095,0.07054213106419192,0.40969676314046055,0.00823062643071285,0.9514451109196983,0.9976645118416818,132.65625,False,0.3875374672301377,0.0,110,False
G206,noise,77.20667785431469,0.21657022747413857,71.9102541451874,-0.09394147152858394,0.21363351812332443,0.6822421892429618,-0.2115421750147961,0.16043722909938607,0.8021861454969303,78.2375,False,0.16606142771830626,0.0,111,False
G207,noise,37.71686166511909,0.33862006547388024,32.741879974816406,-0.008991474067793987,0.9225197392561821,0.9669021322100878,0.002943011492381388,0.9873053067036413,0.9976645118416818,35.8375,False,0.014617482061875879,0.0,112,False
G208,noise,62.17874567467393,0.2447439941469549,56.8355295885415,-0.05681150684948052,0.49920159020375277,0.8455994142356438,-0.30340039007592307,0.06994721207488645,0.7442666145038506,61.8,False,0.07283532654537438,0.0,113,False
G209,noise,71.44595030328368,0.22596935112200975,68.11876766079968,-0.04394662271638447,0.5828664861187107,0.8795137428969753,-0.1898846415183879,0.2347006943944545,0.8201535051288666,73.9125,False,0.05575737005792281,0.0,114,False
G210,noise,35.94855251464291,0.3503577855140073,30.004023200654707,-0.04278637844768501,0.6602705052793819,0.8905696636826905,-0.09347012752561723,0.6311934167099105,0.949730333487275,32.415625,False,0.050332102736797536,0.0,87,False
G211,noise,43.279603943687576,0.30795014694936157,41.453122532891356,-0.03146110609044957,0.7428215105480005,0.8905696636826905,0.1279743757700699,0.5044352443960114,0.8914526937116752,44.959375,False,0.050332102736797536,0.0,86,False
G212,noise,51.89206624834977,0.27343691725295693,48.15883661647094,-0.0492651684354455,0.5902734318573453,0.8795137428969753,0.0943975960765247,0.6059416629732199,0.949730333487275,52.43125,False,0.05575737005792281,2.2434499263763428,44,True
G213,noise,26.495182714003803,0.43968439082486976,24.82162443345228,-0.04095132069150759,0.6942723710874608,0.8905696636826905,0.09589448521794088,0.6454106919424181,0.949730333487275,27.171875,False,0.050332102736797536,0.0,84,False
G214,noise,64.25676909219851,0.24006306459458604,59.02412939072025,-0.10319248693204222,0.23423156143127244,0.693598312976098,-0.13513362740213788,0.43581270118225024,0.8860517402346516,63.65625,False,0.15889197185546566,0.0,73,False
G215,noise,13.803952841632428,0.7519871592763047,12.679715177075355,0.020005938209320718,0.887374903045644,0.9563581110562596,0.2353619420238013,0.40456040460854725,0.8827516503265881,14.0875,False,0.019379454446189187,0.0,72,False
G216,noise,21.718726842574558,0.5143889310471723,19.098042158725903,-0.13298327556946532,0.29788692703110486,0.7447173175777622,0.03259676504730084,0.8985132183720494,0.9915857195058293,20.9375,False,0.1280085470012447,0.0,77,False
G217,noise,116.78834380217477,0.17706248506481867,111.53350091109769,-0.11442582177713642,0.10445883562911051,0.5057134105853762,-0.003042571559689126,0.9827844089675226,0.9976645118416818,121.28125,False,0.2960955295274228,0.0,76,False
G218,noise,57.901971529617555,0.2554351218489407,56.39586391056016,-0.003184094503504759,0.968219925374456,0.9843569241306969,0.18264671706238358,0.2524270522319645,0.8201535051288666,61.125,False,0.00684739946096815,0.0,79,False
G219,noise,42.62666135282226,0.311135465794675,38.99454686747998,-0.031116382729348902,0.7289933658370542,0.8905696636826905,-0.08617274911359106,0.6314427142653076,0.949730333487275,42.959375,False,0.050332102736797536,0.0,80,False
G220,noise,54.40674783764208,0.2654206575047888,50.93524353293769,0.006906748552112907,0.9305042655255111,0.9686136552398665,-0.20254623528624674,0.20011949826538578,0.8201535051288666,55.65,False,0.013849412686216594,0.0,81,False
G221,noise,39.458141907739936,0.3280898077016292,35.65294245865619,-0.17775358727411286,0.06232515986073958,0.39602445328178276,0.011860148330286273,0.9504331442533746,0.9976645118416818,38.784375,False,0.4022779969091791,0.0,83,False
G222,noise,223.9009975256861,0.14019633721804886,204.58543308320992,-0.060780207024946006,0.3216375066615993,0.7486989444578076,-0.18339281047488853,0.1337209482180282,0.7854205743087944,223.325,False,0.12569277915521565,0.0,71,False
G223,noise,28.47300114162661,0.41608891367767653,25.650626124256906,-0.03584335276483006,0.7481904996180775,0.8905696636826905,0.01939849607361924,0.930799183702862,0.9976645118416818,27.828125,False,0.050332102736797536,0.0,82,False
G224,noise,43.1681974337401,0.30848681517949217,39.367449294380904,-0.07630103303411905,0.4408225804443706,0.8340294915545284,0.19323395754342435,0.3285282848090877,0.8555733005205621,43.475,False,0.0788185922963813,6.0887898206710815,27,True
G225,noise,27.10706187825987,0.4320168021314803,25.36757052652605,-0.049680843867510864,0.666913721526682,0.8905696636826905,-0.30803477789538475,0.18126723201928419,0.8201535051288666,27.0875,False,0.050332102736797536,0.0,75,False
G226,noise,20.11679327593194,0.5473874079507367,19.525366626248854,-0.04357610997190944,0.7319404761212757,0.8905696636826905,0.07995576110987705,0.7533688152500642,0.9696851575762189,20.66875,False,0.050332102736797536,0.0,78,False
G227,noise,30.477910495375017,0.39529583405547897,29.21354335073581,-0.1378546202894853,0.19103549271447273,0.6587065207278172,-0.12263295256863928,0.560804421915921,0.9358342755640092,31.94375,False,0.18130803732956266,0.9550520181655884,58,True
G228,noise,149.40217821670902,0.16024008556920388,147.64289954306054,-0.09607374939779861,0.15901331462131674,0.5773697733274,0.10462327076136117,0.44292175958233637,0.8860517402346516,157.553125,False,0.23854595620301647,0.0,74,False
G229,noise,98.4079831113501,0.1914559948842399,86.30593419311617,0.005675110584022896,0.9387591466464807,0.9738827881876755,-0.16241726023110087,0.2709092612910238,0.8281508083405392,93.878125,False,0.011493309555151997,0.0,115,False
G230,noise,43.01683185073401,0.3092204286738153,39.13584754720899,0.06380250849941389,0.53637531922667,0.8672498071618504,-0.17600407133491552,0.39342074181387454,0.8732866983346651,42.196875,False,0.06185578805385135,0.0,100,False
G231,noise,66.3368008271646,0.23567129990861038,62.185388313267495,-0.08742893822054645,0.291904024242735,0.7357911354878857,0.06037679731064163,0.71596118219924,0.9696851575762189,67.590625,False,0.13324544867652321,0.0,117,False
G232,noise,80.31856132166875,0.21205379991750345,73.83307484395432,-0.03808410778780719,0.6135604998372348,0.8795137428969753,-0.0807130499498236,0.5925313571381473,0.949730333487275,80.2875,False,0.05575737005792281,0.0,148,False
G233,noise,105.36520157350876,0.18541719529403727,94.21186010979059,-0.05191654220674273,0.46782356691994065,0.8340294915545284,-0.019036654984313225,0.8941435967120935,0.9915857195058293,102.565625,False,0.0788185922963813,2.9915000200271606,38,True
G234,noise,123.16271910247636,0.1730740606052359,114.52075797237008,0.013792327429609385,0.8378349523264688,0.9394840458072535,-0.18280312842141536,0.17397818128906428,0.817161175346117,125.10625,False,0.027110590631794926,0.0,150,False
G235,noise,34.44717794132087,0.3612695883340886,32.21862987333277,-0.05732618238335645,0.5611371857178162,0.8688626627674554,-0.2119072675667858,0.28222716417302884,0.8314226744891592,35.315625,False,0.06104886511163171,0.0,151,False
G236,noise,85.51250316087938,0.2052477669033709,75.91012591399947,-0.06942053199170191,0.3738560822562411,0.7756877897153301,-0.0468306637100671,0.7642701565550811,0.9696851575762189,82.390625,False,0.1103130448340036,0.0818822979927063,70,True
G237,noise,115.46681732238666,0.17794447104982328,108.87955273242554,-0.16860891152243096,0.016754374049698442,0.15969012766118829,0.002733772814227891,0.9845337871823427,0.9976645118416818,118.73125,False,0.7967219319191083,0.0,152,False
G238,noise,62.46208933020229,0.2440873991970075,54.687589510030975,0.056315865194784646,0.5085577993079372,0.8455994142356438,-0.32990539745301084,0.05161767152618734,0.7442666145038506,59.478125,False,0.07283532654537438,4.197668075561523,35,True
G239,noise,49.45373544986527,0.2819882748619451,43.89407649438429,0.08839501179714962,0.31935775228198804,0.7486989444578076,0.1277637720704733,0.4715824744513849,0.8914526937116752,47.075,False,0.12569277915521565,0.6531220078468323,62,True
G240,noise,130.88360108896245,0.16876338918794448,117.41710088092945,0.03183648036886286,0.6310072107459921,0.8828311893464568,0.32487340523900304,0.01343798153911399,0.5123230461787208,127.209375,False,0.05412233214632842,0.18415799736976624,69,True
G241,noise,36.86915978517626,0.34410645787535876,34.85897583468379,-0.09128488288756319,0.328936585433922,0.7486989444578076,-0.06047537892040868,0.7464691166411253,0.9696851575762189,37.634375,False,0.12569277915521565,0.0,153,False
G242,noise,63.22795984152058,0.2423420907863909,57.77350142862726,0.07877349955771035,0.32851192994062406,0.7486989444578076,-0.025900913481848472,0.8724200214465622,0.9915857195058293,63.6,False,0.12569277915521565,0.0,154,False
G243,noise,21.218842620592284,0.524151314985755,19.41907734228415,0.04413031054152285,0.7230820637948475,0.8905696636826905,0.3930962994482882,0.11342431571931418,0.7854205743087944,20.8625,False,0.050332102736797536,0.0,155,False
G244,noise,83.72600058668546,0.20749348991872457,79.88724233571952,-0.14525960394287923,0.06888149490746333,0.40969676314046055,-0.0897246422192821,0.5741752319862559,0.9415239019129465,86.175,False,0.3875374672301377,0.0,156,False
G245,noise,70.80892722343827,0.22710261760639885,64.18122175187396,-0.15985768306553136,0.031895275313448185,0.25699639277763753,0.038414398812445134,0.796610452216418,0.97186475170403,69.8625,False,0.5900729724187499,0.0,157,False
G246,noise,44.02395897562493,0.30443413562562827,39.67892602707203,0.04753109607190061,0.5952695602841189,0.8795137428969753,0.17538108770479185,0.32654933236268957,0.8555733005205621,42.784375,False,0.05575737005792281,0.0,158,False
G247,noise,83.61381859478479,0.20763771050352858,79.45076723991119,-0.13901783113649852,0.0808730328693889,0.4327416671081336,0.10376137925761247,0.5146143860840993,0.8914526937116752,86.878125,False,0.3637712861649863,0.43027400970458984,66,True
G248,noise,88.93848254748313,0.20119354122322713,84.1297874896675,0.0873714407827004,0.23119565998457647,0.693598312976098,-0.06803019736574109,0.6411517897178665,0.949730333487275,91.628125,False,0.15889197185546566,0.0,159,False
G249,noise,69.7066871062365,0.22911243344965665,63.80679473137245,0.06037882035803107,0.44439864284480346,0.8340294915545284,0.05308071907405033,0.7367860325678637,0.9696851575762189,69.05625,False,0.0788185922963813,0.0,160,False
G250,noise,71.26805188657353,0.22628379423537387,65.55776661839663,0.025699199263443696,0.7367146788593114,0.8905696636826905,-0.10746047382178772,0.4819517602206288,0.8914526937116752,71.434375,False,0.050332102736797536,0.0,161,False
G251,noise,36.54676539729295,0.34625982360306606,34.26084981954641,-0.08063388844797574,0.40752531515567236,0.8019046524030973,0.21845383045622319,0.26125718699427714,0.8201535051288666,37.446875,False,0.09587726687405407,0.0,162,False
G252,noise,25.518871140562243,0.4526801773646837,23.3022571648938,-0.06966749271881975,0.5150089424046826,0.8490687969374497,-0.262784335231624,0.218731630689317,0.8201535051288666,25.734375,False,0.07105711903777195,0.0,149,False
G253,noise,58.501886853002325,0.2538411918681238,53.949638812827416,-0.13233551446627742,0.1506395829140005,0.574313409859627,0.0635682284958607,0.7299823165470039,0.9696851575762189,57.646875,False,0.24085104309538377,0.0,163,False
G254,noise,39.46173691695941,0.3280690284601255,39.11753388056625,0.12899660969543528,0.163327778717812,0.579243866382938,-0.06533965713275681,0.7241127489435959,0.9696851575762189,42.634375,False,0.23713855626072752,0.0,116,False
G255,noise,33.99912199487374,0.3647127182095169,32.38036152606803,-0.034381932475505715,0.7525996159992818,0.8905696636826905,0.3360362793919452,0.1223880326564722,0.7854205743087944,35.26875,False,0.050332102736797536,0.0,166,False
G256,noise,51.03278827261536,0.276357206898481,47.768070599160936,0.016531516421821584,0.8454701844674201,0.9411255703013252,-0.2527712840807026,0.13517010901828222,0.7854205743087944,51.4625,False,0.0263524266783281,0.0,167,False
G257,noise,64.90705718872488,0.23865980664986006,60.94170219055403,-0.026669535532962328,0.7370017824132007,0.8905696636826905,0.36636269277189343,0.02011319109643285,0.6134523284412019,66.0125,False,0.050332102736797536,0.0,168,False
G258,noise,31.85295402616825,0.38254836247232216,29.262142710550002,0.05394836102228364,0.6171014458359105,0.8795137428969753,0.10201715364552308,0.636423775924198,0.949730333487275,31.940625,False,0.05575737005792281,0.0,169,False
G259,noise,47.50122981094701,0.28946877872045923,46.11776450669587,0.06637620864267975,0.459370547559117,0.8340294915545284,0.15651150710670733,0.3826843940930508,0.8732866983346651,50.31875,False,0.0788185922963813,0.0,170,False
G260,noise,40.59814125035156,0.3216850260336011,36.52869879945511,-0.1516534311660683,0.1406379599682614,0.5533767687996212,0.03200905408853509,0.8764640866024465,0.9915857195058293,39.79375,False,0.25697907684289034,0.0,171,False
G261,noise,36.93559421148926,0.3436673943423507,34.036123046938556,0.03930153617935706,0.7078947766546551,0.8905696636826905,-0.3104089182408149,0.13799982127638186,0.7854205743087944,37.071875,False,0.050332102736797536,0.0,172,False
G262,noise,29.738218434078558,0.4026408599409047,27.44440976749603,-0.16289392571265487,0.11788410908473167,0.5145890840645981,0.31671428865950785,0.12744108658368938,0.7854205743087944,29.88125,False,0.2885394306806506,2.3135299682617188,43,True
G263,noise,75.67646907000685,0.2189273245779249,69.56095597639016,-0.0038198580008660054,0.9618932058212393,0.9811954106203277,-0.023013177011709286,0.8855999952595314,0.9915857195058293,75.6875,False,0.008244491801697902,0.0,173,False
G264,noise,44.205072136935954,0.30359654593754115,41.30064113327709,-0.18693893366368408,0.045273990725810925,0.32877540884219836,-0.0005468180535588003,0.9976645118416818,0.9976645118416818,45.01875,False,0.4831006735028248,0.0,174,False
G265,noise,23.81230175249158,0.47795590252245534,21.947871714121256,-0.05505418685747982,0.6350861361925991,0.8844806919577294,-0.15256544830223853,0.510710482211584,0.8914526937116752,23.80625,False,0.05331164321524099,0.0,175,False
G266,noise,46.574441841399235,0.2932390307681595,43.33208891071293,0.13253670591187666,0.13959099734184952,0.5533767687996212,0.020136803547888153,0.9106740455640071,0.9919842282036505,46.990625,False,0.25697907684289034,0.0,176,False
G267,noise,24.43333520112008,0.4683492215007724,20.130045778976935,0.018447895418778365,0.8759162963664906,0.9507276526397851,-0.021322061969841214,0.9281263573278768,0.9976645118416818,22.071875,False,0.021943874119682676,0.0,177,False
G268,noise,51.67128318462675,0.2741779852426363,47.94143226231037,-0.107281005566171,0.19653210946305366,0.6587065207278172,0.1327639729851325,0.42395716626666013,0.883901435600926,51.4375,False,0.18130803732956266,0.0,164,False
G269,noise,70.48657628983413,0.2276838864040275,65.6640256103152,-0.09877129174889622,0.2340703616844697,0.693598312976098,-0.04901469402217336,0.7678564550421612,0.9696851575762189,70.15625,False,0.15889197185546566,0.0,147,False
G270,noise,17.523665317970558,0.6135911829342278,16.18904211347558,0.04910006711725201,0.7215486983818167,0.8905696636826905,-0.05234680110373846,0.8493802628689514,0.9915857195058293,17.46875,False,0.050332102736797536,0.0,133,False
G271,noise,93.24164310546996,0.1965233955585669,85.74017144305719,-0.038324537874148225,0.6145725865516566,0.8795137428969753,0.27352042871508986,0.0711137142071719,0.7442666145038506,92.85,False,0.05575737005792281,0.0,146,False
G272,noise,46.72881816602337,0.2926006338962778,42.6239270633521,-0.1062607805693417,0.2510031226912349,0.714971959482244,-0.15835817511333566,0.3920225207994137,0.8732866983346651,46.178125,False,0.14571099047993993,0.0,119,False
G273,noise,56.345792452497456,0.2597279869226702,49.8065530546513,-0.20544987931876355,0.01872168958185644,0.17303379765049134,0.0018554525501784916,0.9915327844798724,0.9976645118416818,53.209375,False,0.7618690604577905,0.0,120,False
G274,noise,52.13662196510096,0.2726233818145025,48.72538743990695,-0.06429803129813412,0.43400677626664197,0.8340294915545284,0.03790145245695726,0.817694972604023,0.9795069746063828,53.221875,False,0.0788185922963813,0.0,121,False
G275,noise,40.32282148269879,0.3231986668854908,38.4845052028128,4.842619279835002e-05,0.9995797681138836,0.9995797681138836,0.18951400451921746,0.3021794921607499,0.8455481202663185,41.646875,False,0.00018254274708850613,0.0,122,False
G276,noise,22.96929194490242,0.4918274895712391,20.550321559935295,-0.13504191482389116,0.26904416568660683,0.714971959482244,-0.1028551336623098,0.6738533614666182,0.949730333487275,22.434375,False,0.14571099047993993,0.0,123,False
G277,noise,44.98713195844875,0.3000572076546828,41.913639297212995,0.07785329602460371,0.3706246763906734,0.7756877897153301,-0.01680778084634101,0.9230377048998233,0.9976645118416818,45.725,False,0.1103130448340036,0.0,124,False
G278,noise,72.54232568791873,0.2240655012732638,68.0844649379541,-0.1095530297185249,0.15858809879572344,0.5773697733274,-0.14745041118628757,0.34229240806033845,0.8697234645092794,73.021875,False,0.23854595620301647,0.0,125,False
G279,noise,95.99600904279565,0.19375389758117695,93.91469388621888,-0.02307177623221035,0.7562542389961208,0.8905696636826905,0.24329698336799419,0.10050778131348237,0.7854205743087944,102.1375,False,0.050332102736797536,0.0,126,False
G280,noise,28.343619397660298,0.4175317828584352,24.5919473916752,0.03763734786548659,0.7178015574380794,0.8905696636826905,0.3069778391762408,0.139498172074836,0.7854205743087944,26.790625,False,0.050332102736797536,0.0,127,False
G281,noise,43.89747383044852,0.3050231873196618,40.48291795448692,-0.06267285531982798,0.5017983004553651,0.8455994142356438,-0.13362084333895943,0.4738340637112073,0.8914526937116752,43.69375,False,0.07283532654537438,0.0,128,False
G282,noise,98.0940062285067,0.19174872498361217,86.42532681109728,-0.0008499231033088519,0.9909467405039932,0.9974876430815774,-0.011158149233451278,0.9406470890136489,0.9976645118416818,93.659375,False,0.0010924756660007032,0.0,129,False
G283,noise,42.45292606039742,0.31199952123902547,41.007965124114904,-0.20137054832787132,0.03201922270672205,0.25699639277763753,0.06737089629057086,0.7198763456752548,0.9696851575762189,44.315625,False,0.5900729724187499,0.0,130,False
G284,noise,52.9535511410877,0.2699602728440383,49.91409382809503,-0.06946180924820886,0.42802597466204895,0.8315154284835983,-0.020513315653693596,0.9068685289250003,0.9915857195058293,54.60625,False,0.08012968818453689,0.0,131,False
G285,noise,20.49346052769533,0.5391644831207104,18.736967505259287,0.03202237198916551,0.8107106521140544,0.9260926924898373,-0.44593924739196106,0.09429689197086705,0.7854205743087944,20.06875,False,0.03334554266776069,1.630660057067871,50,True
G286,noise,18.06461778972899,0.5982114819565756,16.21043518072317,-0.1855821613441367,0.15417273724813388,0.5773697733274,0.040985522815039824,0.8750087082874451,0.9915857195058293,17.709375,False,0.23854595620301647,0.0,118,False
G287,noise,70.17303188488091,0.228254398566739,61.62819087975764,-0.09693232077275549,0.21921224441249265,0.6822421892429618,0.0692649339920771,0.6607046256569953,0.949730333487275,66.521875,False,0.16606142771830626,0.0,132,False
G288,noise,98.3189694960478,0.1915387950680441,90.71724964171985,-0.027031985725159042,0.7023764634789624,0.8905696636826905,-0.2881667955126947,0.04050890406720148,0.7442666145038506,98.35,False,0.050332102736797536,0.0,134,False
G289,noise,37.282948089580124,0.341397219403777,35.856934319490094,-0.10644675409466538,0.25984405948333555,0.714971959482244,-0.13353732663385648,0.47956005830523285,0.8914526937116752,39.103125,False,0.14571099047993993,0.0,135,False
G290,noise,54.95345109633394,0.2637749735539432,51.599418998367504,0.10836844301495428,0.18652576790657271,0.6539121748448813,0.03726335071769728,0.8203981108001568,0.9795069746063828,56.225,False,0.18448057666273304,1.1771399974822998,55,True
G291,noise,50.634192491399496,0.2777455027356998,46.76222403651185,-0.04030361136313551,0.6792865531565508,0.8905696636826905,-0.09914396529507845,0.6110897276886214,0.949730333487275,51.25625,False,0.050332102736797536,2.3874900341033936,42,True
G292,noise,53.98692717451595,0.266707024663711,48.19865066577891,-0.100160823281293,0.2305471603406818,0.693598312976098,-0.07790566394412438,0.6410465979415985,0.949730333487275,51.8375,False,0.15889197185546566,0.0,136,False
G293,noise,106.0395211981762,0.18487401582264779,98.11000085414382,-0.007490691945556465,0.9172200274299059,0.9657209516041162,-0.18399985326763893,0.20086084671977522,0.8201535051288666,105.884375,False,0.015148346344181005,0.0,137,False
G294,noise,28.27852469757719,0.4182627133575709,26.425666647651248,0.043460885440880934,0.6942920791483413,0.8905696636826905,0.1690833387275743,0.44432064312466824,0.8860517402346516,28.625,False,0.050332102736797536,0.0,138,False
G295,noise,44.56075332793457,0.301971450836268,41.630739023475556,-0.09226851902573215,0.32105969080008856,0.7486989444578076,-0.04498552449349455,0.8089165320893374,0.9795069746063828,45.209375,False,0.12569277915521565,0.0,139,False
G296,noise,41.449537869250676,0.3171314919937056,40.19491989501379,-0.06882489584820319,0.4813464148697727,0.8437394053751762,-0.2845692142487702,0.1444368129199859,0.7854205743087944,43.225,False,0.07379166745393989,0.0,140,False
G297,noise,66.93693543801945,0.23445491552766992,59.846848305248784,-0.1317221506796078,0.09642174962295016,0.4821087481147508,0.0895214075904185,0.5720786809978258,0.9415239019129465,65.00625,False,0.3168549879455486,0.0,141,False
G298,noise,59.91951953934242,0.2502014713934866,53.938288728228805,0.056144545094528944,0.5101321056372409,0.8455994142356438,0.1345546560214841,0.42969290151868056,0.883901435600926,58.5375,False,0.07283532654537438,0.0,142,False
G299,noise,25.646267668442974,0.4509282565538475,22.866333667233853,-0.06172082964481029,0.5798920397450187,0.8795137428969753,0.29791791101159826,0.1806709060741004,0.8201535051288666,24.79375,False,0.05575737005792281,2.7462899684906006,40,True
G300,noise,59.68153310952106,0.25080041565762357,54.75639530292422,0.022712216804418015,0.7861571166991346,0.9117031201263728,0.08579872998291518,0.6083416667046022,0.949730333487275,59.696875,False,0.040146558909566754,0.0,143,False
G301,noise,23.839678238565643,0.4775218738246486,22.37388364104139,-0.0882142531905291,0.44915350001886944,0.8340294915545284,-0.27304619163328403,0.24074955767151407,0.8201535051288666,24.11875,False,0.0788185922963813,1.6677019596099854,49,True
G302,noise,52.97197899836613,0.2699011471758983,48.45614435922526,0.009020203495921144,0.9131985569813132,0.9657209516041162,-0.14972228509599456,0.3652404027086186,0.8732866983346651,52.26875,False,0.015148346344181005,0.0,144,False
G303,noise,68.5785765054085,0.2312363198336467,65.91789857962638,-0.07551025741362313,0.34109550115539355,0.7553034183806012,0.026327918409252225,0.8682276507636746,0.9915857195058293,71.653125,False,0.12187854975209417,0.0,145,False
G304,noise,49.20309756706222,0.2829153131616011,44.27372380503207,-0.3136561104900887,0.0006773298208645138,0.007945599821679873,-0.2743997581955898,0.13603437136019525,0.7854205743087944,48.43125,True,2.0998733118722384,4.313270092010498,33,True
G000,redundant_de,56.90299258754956,0.15544260902919202,69.41151075463576,0.6148132848644465,1.1932767994055444e-12,1.455797695274764e-11,0.3516768655644734,0.041028163880919365,0.7442666145038506,78.178125,True,10.836898972502558,1.8853800296783447,45,True
G001,redundant_de,101.78731539585446,0.10894644118145555,123.65289967764181,0.6303891848662634,7.362668048861307e-18,2.4946230971737854e-16,0.08128986470050736,0.5788122835540588,0.9440521202352297,137.5875,True,15.602995060935347,0.0,258,False
G002,redundant_de,71.0697430330253,0.1344241127650042,87.68148771698354,0.5478850599523615,4.675684724577288e-13,5.9420160041503035e-12,0.11901515494946506,0.4318075865722557,0.883901435600926,97.925,True,11.226066182807548,68.56890803575516,8,True
G003,redundant_de,120.09787781756339,0.09995925081302766,148.3643854033465,0.6324749469054108,9.41820682285938e-20,7.181382702430277e-18,0.0807406580717675,0.5615005653384055,0.9358342755640092,164.278125,True,17.143791928707312,116.67571830749512,6,True
G004,redundant_de,78.80352670512173,0.12613872438033968,99.39252118015989,0.6367817505142862,1.5252096554567846e-14,2.215185451972949e-13,0.12469110818585755,0.45158423643596446,0.8914526937116752,111.45625,True,12.654589909442247,0.0,214,False
G005,redundant_de,155.77799984728978,0.08851635022841378,195.58635322806538,0.5691080233890267,2.992700403408234e-16,5.704835143996946e-15,0.13570639251432032,0.32932191126414445,0.8555733005205621,218.16875,True,14.243756901129535,1.34211003780365,52,True
G006,redundant_de,83.83686421304026,0.12156756226894685,104.53621285600858,0.5898826693514105,6.457307922629992e-15,9.847394582010737e-14,0.17099356030799093,0.2579203553019688,0.8201535051288666,116.178125,True,13.006678659688262,0.0,215,False
G007,redundant_de,115.67785367691062,0.10186818227763855,141.4249154955534,0.6555725817262189,3.867128271349516e-23,1.1794741227616023e-20,0.1289639878365953,0.3293510818633567,0.8555733005205621,158.828125,True,19.92831158293873,87.08237075805664,7,True
G008,redundant_de,57.19143874707555,0.15491080713206934,74.11035865408493,0.7825078116251349,1.1048398289103485e-22,1.6848807390882814e-20,0.19134109788647186,0.2300142407715705,0.8201535051288666,82.95625,True,19.773430834370625,21.342012863606215,18,True
G009,redundant_de,114.90807463426854,0.1022156516771942,141.57308906735307,0.6631498502599794,8.179092121881263e-18,2.4946230971737854e-16,0.12274064363065355,0.42600536555148505,0.883901435600926,160.0125,True,15.602995060935347,0.0,216,False
G010,redundant_de,113.6395216138574,0.10279853271811336,145.23256645577572,0.6786578298402486,1.1878678124248473e-19,7.245993655791569e-18,0.06516866591027853,0.663242140544921,0.949730333487275,163.071875,True,17.13990205054657,0.0,217,False
G011,redundant_de,101.44332536257342,0.10914632607473301,124.93684103720236,0.5733404922891503,6.079181848756244e-16,1.0300835910392523e-14,0.08329775047680446,0.5568435200756736,0.9358342755640092,139.746875,True,13.987127530970508,0.0,218,False
G012,redundant_de,85.89820133038786,0.11985012383347082,104.58749028258667,0.6587986341592224,1.1281320291000682e-17,3.1280024443229164e-16,0.12804860813403274,0.40519747883843393,0.8827516503265881,117.228125,True,15.504732916240213,0.0,219,False
G013,redundant_de,59.353710409213406,0.1510888781616697,74.40930909172553,0.7119200993683571,7.200552822058406e-19,3.1373837296111625e-17,0.11751374415115837,0.4638890694130059,0.8914526937116752,82.690625,True,16.50343236002053,20.854649543762207,19,True
G014,redundant_de,75.6536581043974,0.1293087888984875,96.79716271075078,0.6070310761194686,3.470688150513076e-15,5.5713678205604646e-14,0.07190318769071485,0.6410628182604157,0.949730333487275,107.934375,True,13.254038168561461,24.06577968597412,17,True
G015,redundant_de,75.75911065006457,0.12919839539450673,93.02112486330269,0.6204307170360125,1.2267669252505038e-16,2.494426081342691e-15,0.16346000644743172,0.2747375326973258,0.8281508083405392,103.253125,True,14.603029361213927,0.0,220,False
G016,redundant_de,77.0909011683141,0.12783019667781648,94.45549751944017,0.6455549486459795,4.284550941984163e-16,7.686988454736292e-15,0.25669787456876286,0.10485058591484038,0.7854205743087944,105.440625,True,14.114243771207054,1.806278944015503,47,True
G017,redundant_de,113.2334281474085,0.10298788615839781,133.74345070648207,0.5309238064210435,6.339610491713515e-14,8.406874782489661e-13,-0.0570246731394632,0.6871211774635442,0.949730333487275,148.65,True,12.075365421201699,0.0,221,False
G018,redundant_de,67.20881417726845,0.13927400480797852,82.13549577241835,0.701180475788363,4.1681685592867774e-19,2.1188190176374453e-17,0.2875967771519837,0.06578725420863178,0.7442666145038506,92.15,True,16.67390613767247,0.0,222,False
G019,redundant_de,111.09035150913489,0.10401009105193644,137.27929243173344,0.6368023107769464,2.0965845113957213e-18,7.993228449696187e-17,0.14302419767515478,0.32520518859192304,0.8555733005205621,153.26875,True,16.097277774541116,11.386099815368652,23,True
G020,redundant_de,100.23160209736002,0.10986135983511365,121.33175174098588,0.5954965230974195,5.5031524822802354e-17,1.291124236227286e-15,-0.15876220581768438,0.2635247327955047,0.8201535051288666,135.99375,True,14.889031966477182,12.389740228652954,22,True
G021,redundant_de,138.08912033776897,0.09345020074951503,167.26370311261795,0.6529602901613335,7.373108381834388e-20,7.181382702430277e-18,0.04423126252472306,0.7574065976218969,0.9696851575762189,186.575,True,17.143791928707312,3.97799015045166,36,True
G022,redundant_de,112.69917807022138,0.10323907505573358,134.89432886608571,0.6190919414696954,6.670836829497039e-17,1.4532894521404262e-15,0.06273896993358576,0.6721582904613319,0.949730333487275,150.4125,True,14.837647878511385,0.0,223,False
G023,redundant_de,33.2686046045413,0.23035021520502774,40.883191507574715,0.7197586655021038,5.391368045608291e-14,7.474396608684222e-13,0.2876843736902761,0.13171549237816227,0.7854205743087944,46.234375,True,12.126423861210345,0.0,224,False
G024,redundant_de,85.09459075597546,0.12050976973619996,101.92813030784978,0.624851837360345,3.3584750991430774e-17,8.536124210321989e-16,0.2765784111462039,0.06078388843406,0.7442666145038506,114.190625,True,15.068739274058638,5.636270046234131,28,True
G025,sex_interaction,49.89713355237013,0.19026800413650713,46.212560065104654,0.017933718953993403,0.8008826409102323,0.9183052837504544,0.5205087127855209,0.00018718479893357675,0.011418272734948182,50.421875,False,0.03701291682961683,17.064470052719116,21,True
G026,sex_interaction,33.07498832430247,0.25652312303989544,30.85212031168719,-0.17109028653660246,0.06879963546045857,0.40969676314046055,0.7533960004376965,4.1740676011766276e-05,0.004243635394529571,33.6375,False,0.3875374672301377,0.0,225,False
G027,sex_interaction,51.30495742559326,0.18669340988006555,49.52636745394189,-0.20703815864073175,0.008667428976680108,0.08811886126291442,0.7124682752079493,3.228804608590023e-06,0.0004923927028099785,53.446875,False,1.0549311237594456,0.0,226,False
G028,sex_interaction,52.96748011159912,0.18271680635561505,49.348989877222465,-0.07647139282673765,0.31524947111577917,0.7486989444578076,0.8307441111894551,1.1430210737274368e-08,3.4862142748686823e-06,53.6625,False,0.12569277915521565,0.0,213,False
G029,sex_interaction,48.67759689450496,0.19353165346446594,45.46767318627373,-0.0862063794942385,0.27352805207173303,0.714971959482244,0.4825527607619071,0.0018938316312888475,0.08251694964901407,49.184375,False,0.14571099047993993,2.412816047668457,41,True
G035,threshold_effect,43.314956385248536,0.2531503532704519,41.00600930288566,-0.22982188799906386,0.06009756978789464,0.39602445328178276,-0.004360440103429893,0.9857739017490443,0.9976645118416818,43.421875,False,0.4022779969091791,1.6774300336837769,48,True
G036,threshold_effect,63.421211172304666,0.19825696579057395,58.87416659187024,-0.12885896819216425,0.27138836996714055,0.714971959482244,0.015330826536620306,0.9478468972833076,0.9976645118416818,63.90625,False,0.14571099047993993,146.9228613972664,5,True
G037,threshold_effect,57.85692846600401,0.20963010997735393,55.784202547907896,0.24266697744990684,0.05116448618427605,0.36291089037684177,-0.11029301943531838,0.6576349447540815,0.949730333487275,60.396875,False,0.4401999991193576,7.688830137252808,26,True
G038,threshold_effect,53.098650249886724,0.22124652820183505,44.61025151415008,-0.2749569423950165,0.025825827916509024,0.21880215318153476,0.356111476557752,0.14792954798074556,0.7854205743087944,48.2125,False,0.6599484085257278,189.9321814775467,4,True
G039,threshold_effect,54.00088547725859,0.21888661146414862,51.19584788190615,0.08133741803462842,0.5184702329838553,0.8501796831186875,0.0033591647888780453,0.9893642416384831,0.9976645118416818,54.815625,False,0.07048927765032512,204.98238015174866,3,True
